{
  "model": "gemma",
  "results": {
    "mr_cont_nb|lb_continue": {
      "-1.0": {
        "n": 3,
        "n_silent": 0,
        "lock_end": 0.0,
        "lock_mid": 0.0,
        "word_tri": 1.0,
        "alpha_frac": 0.2532423199391525
      },
      "-0.3": {
        "n": 11,
        "n_silent": 9,
        "lock_end": 0.0,
        "lock_mid": 0.0,
        "word_tri": 1.0,
        "alpha_frac": 0.91599527312467
      },
      "-0.2": {
        "n": 14,
        "n_silent": 6,
        "lock_end": 0.07142857142857142,
        "lock_mid": 0.07142857142857142,
        "word_tri": 0.9970781416014682,
        "alpha_frac": 0.8657686744909701
      },
      "-0.1": {
        "n": 17,
        "n_silent": 3,
        "lock_end": 0.29411764705882354,
        "lock_mid": 0.29411764705882354,
        "word_tri": 0.7700584011912425,
        "alpha_frac": 0.9252675238041196
      },
      "+0.1": {
        "n": 20,
        "n_silent": 0,
        "lock_end": 1.0,
        "lock_mid": 0.95,
        "word_tri": 0.06393036354326675,
        "alpha_frac": 0.9974216671408993
      },
      "+0.2": {
        "n": 19,
        "n_silent": 1,
        "lock_end": 1.0,
        "lock_mid": 1.0,
        "word_tri": 0.011709273182957393,
        "alpha_frac": 0.9994459833795014
      }
    },
    "mr_cont_nb|mirror_continue": {
      "+0.1": {
        "n": 7,
        "n_silent": 0,
        "lock_end": 0.0,
        "lock_mid": 0.0,
        "word_tri": 0.9930875576036866,
        "alpha_frac": 0.9290205015352562
      },
      "+0.2": {
        "n": 7,
        "n_silent": 0,
        "lock_end": 0.14285714285714285,
        "lock_mid": 0.14285714285714285,
        "word_tri": 0.9925788497217068,
        "alpha_frac": 0.9183641940669104
      },
      "+0.3": {
        "n": 7,
        "n_silent": 0,
        "lock_end": 0.2857142857142857,
        "lock_mid": 0.42857142857142855,
        "word_tri": 0.7838173925717488,
        "alpha_frac": 0.8832221961449791
      },
      "+0.5": {
        "n": 7,
        "n_silent": 0,
        "lock_end": 1.0,
        "lock_mid": 1.0,
        "word_tri": 0.021541950113378682,
        "alpha_frac": 1.0
      },
      "+0.7": {
        "n": 7,
        "n_silent": 0,
        "lock_end": 1.0,
        "lock_mid": 1.0,
        "word_tri": 0.01020408163265306,
        "alpha_frac": 1.0
      }
    },
    "mr_nb|lb_continue": {
      "-1.0": {
        "n": 20,
        "n_silent": 0,
        "lock_end": 0.95,
        "lock_mid": 0.9,
        "word_tri": 0.559039379561442,
        "alpha_frac": 0.891981434148836
      },
      "-0.7": {
        "n": 20,
        "n_silent": 0,
        "lock_end": 0.95,
        "lock_mid": 1.0,
        "word_tri": 0.3265560600191878,
        "alpha_frac": 0.8220165293449874
      },
      "-0.3": {
        "n": 20,
        "n_silent": 0,
        "lock_end": 0.95,
        "lock_mid": 1.0,
        "word_tri": 0.10454121666917482,
        "alpha_frac": 0.9755538879871855
      },
      "+0.0": {
        "n": 20,
        "n_silent": 0,
        "lock_end": 0.95,
        "lock_mid": 0.95,
        "word_tri": 0.09883110108351514,
        "alpha_frac": 0.9926733810793579
      },
      "+0.3": {
        "n": 20,
        "n_silent": 0,
        "lock_end": 0.65,
        "lock_mid": 0.55,
        "word_tri": 0.45006735110881674,
        "alpha_frac": 0.7742158848539884
      }
    },
    "mr_nb|mirror_continue": {
      "-0.3": {
        "n": 14,
        "n_silent": 0,
        "lock_end": 0.0,
        "lock_mid": 0.0,
        "word_tri": 0.9961067853170189,
        "alpha_frac": 0.9155694860376001
      },
      "+0.0": {
        "n": 14,
        "n_silent": 0,
        "lock_end": 0.0,
        "lock_mid": 0.0,
        "word_tri": 0.9975786924939467,
        "alpha_frac": 0.9240730783859388
      },
      "+0.3": {
        "n": 14,
        "n_silent": 0,
        "lock_end": 0.0,
        "lock_mid": 0.0,
        "word_tri": 0.9900076092104706,
        "alpha_frac": 0.9443842552407649
      },
      "+0.7": {
        "n": 14,
        "n_silent": 0,
        "lock_end": 0.14285714285714285,
        "lock_mid": 0.14285714285714285,
        "word_tri": 0.8876128668950933,
        "alpha_frac": 0.8481726580537735
      },
      "+1.0": {
        "n": 14,
        "n_silent": 0,
        "lock_end": 1.0,
        "lock_mid": 0.9285714285714286,
        "word_tri": 0.46182475784842747,
        "alpha_frac": 0.27973606812182167
      }
    }
  }
}