{
  "model": "gemma_base",
  "n_by_cell": {
    "SM": 19,
    "Sm": 32,
    "pM": 40,
    "pm": 40
  },
  "n_layers": 58,
  "contrasts": {
    "4-way cell": {
      "loo_acc": 0.6564885496183206,
      "chance": 0.25,
      "p_value": 0.0,
      "null_mean": 0.2604809160305343,
      "null_std": 0.05182068869832938,
      "n_perm": 1000
    },
    "Form": {
      "loo_acc": 0.9083969465648855,
      "chance": 0.5,
      "p_value": 0.0,
      "null_mean": 0.5149465648854962,
      "null_std": 0.05652167174184794,
      "n_perm": 1000
    },
    "Content": {
      "loo_acc": 0.7557251908396947,
      "chance": 0.5,
      "p_value": 0.0,
      "null_mean": 0.5002977099236641,
      "null_std": 0.06046769093290384,
      "n_perm": 1000
    }
  },
  "cohen_d": {
    "Form": 3.4149499724079604,
    "Content": 2.5600605716201366
  },
  "arm_mean_cosine": {
    "SM-SM": 1.0000000000000002,
    "SM-Sm": 0.9943818365311673,
    "SM-pM": 0.9926885108495858,
    "SM-pm": 0.9907325301933365,
    "Sm-SM": 0.9943818365311673,
    "Sm-Sm": 0.9999999999999998,
    "Sm-pM": 0.9917431563651569,
    "Sm-pm": 0.9915252109941444,
    "pM-SM": 0.9926885108495858,
    "pM-Sm": 0.9917431563651569,
    "pM-pM": 1.0,
    "pM-pm": 0.9929803529831003,
    "pm-SM": 0.9907325301933365,
    "pm-Sm": 0.9915252109941444,
    "pm-pM": 0.9929803529831003,
    "pm-pm": 1.0
  }
}