{
  "model": "qwen",
  "basis": "continuation",
  "centroid_half": "A",
  "n_train_rows": 69,
  "n_classes": 10,
  "n_pca_components": 59,
  "n_lda_components": 9,
  "lda_explained_variance_ratio": [
    0.8272620439529419,
    0.14740213751792908,
    0.014727446250617504,
    0.007094539701938629,
    0.001995696220546961,
    0.0007701814756728709,
    0.0003973325656261295,
    0.00020558589312713593,
    0.00014502341218758374
  ],
  "separation_lda_top3": {
    "mr_to_nearest_dist": 101.43936920166016,
    "nearest_cell": "LP",
    "canonical_mean_pairwise_dist": 205.64434374703302,
    "ratio": 0.49327575635361326
  },
  "arms_rendered": [
    "conspiracy_continue",
    "doom_continue",
    "lb_continue",
    "mirror_continue",
    "neutral_seed",
    "sycophancy_continue"
  ]
}